{
  "students": [
    {
      "first_name": "Maria",
      "last_name": "Reynolds",
      "email": "maria.reynolds@example.com",
      "registration_number": "20180000"
    },
    {
      "first_name": "Timothy",
      "last_name": "Rice",
      "email": "timothy.rice@example.com",
      "registration_number": "20180001"
    },
    {
      "first_name": "Thomas",
      "last_name": "Kemp",
      "email": "thomas.kemp@example.com",
      "registration_number": "20180002"
    },
    {
      "first_name": "Bailey",
      "last_name": "Lawson",
      "email": "bailey.lawson@example.com",
      "registration_number": "20180003"
    },
    {
      "first_name": "Anna",
      "last_name": "Carter",
      "email": "anna.carter@example.com",
      "registration_number": "20180004"
    },
    {
      "first_name": "Virginia",
      "last_name": "Cook",
      "email": "virginia.cook@example.com",
      "registration_number": "20180005"
    },
    {
      "first_name": "Amy",
      "last_name": "Campbell",
      "email": "amy.campbell@example.com",
      "registration_number": "20180006"
    },
    {
      "first_name": "Martha",
      "last_name": "Brooks",
      "email": "martha.brooks@example.com",
      "registration_number": "20180007"
    },
    {
      "first_name": "Deborah",
      "last_name": "Scott",
      "email": "deborah.scott@example.com",
      "registration_number": "20180008"
    },
    {
      "first_name": "Matthew",
      "last_name": "Mendez",
      "email": "matthew.mendez@example.com",
      "registration_number": "20180009"
    },
    {
      "first_name": "Tonya",
      "last_name": "Daniels",
      "email": "tonya.daniels@example.com",
      "registration_number": "20180010"
    },
    {
      "first_name": "Danny",
      "last_name": "King",
      "email": "danny.king@example.com",
      "registration_number": "20180011"
    },
    {
      "first_name": "Joseph",
      "last_name": "Oconnell",
      "email": "joseph.oconnell@example.com",
      "registration_number": "20180012"
    },
    {
      "first_name": "Kevin",
      "last_name": "Conner",
      "email": "kevin.conner@example.com",
      "registration_number": "20180013"
    },
    {
      "first_name": "Jessica",
      "last_name": "Walker",
      "email": "jessica.walker@example.com",
      "registration_number": "20180014"
    },
    {
      "first_name": "Danielle",
      "last_name": "Douglas",
      "email": "danielle.douglas@example.com",
      "registration_number": "20180015"
    },
    {
      "first_name": "Whitney",
      "last_name": "Hooper",
      "email": "whitney.hooper@example.com",
      "registration_number": "20180016"
    },
    {
      "first_name": "Henry",
      "last_name": "Cook",
      "email": "henry.cook@example.com",
      "registration_number": "20180017"
    },
    {
      "first_name": "Luis",
      "last_name": "Delgado",
      "email": "luis.delgado@example.com",
      "registration_number": "20180018"
    },
    {
      "first_name": "Tina",
      "last_name": "Smith",
      "email": "tina.smith@example.com",
      "registration_number": "20180019"
    },
    {
      "first_name": "Bradley",
      "last_name": "Pineda",
      "email": "bradley.pineda@example.com",
      "registration_number": "20180020"
    },
    {
      "first_name": "Patrick",
      "last_name": "Kelly",
      "email": "patrick.kelly@example.com",
      "registration_number": "20180021"
    },
    {
      "first_name": "Christopher",
      "last_name": "Brown",
      "email": "christopher.brown@example.com",
      "registration_number": "20180022"
    },
    {
      "first_name": "Elizabeth",
      "last_name": "Wade",
      "email": "elizabeth.wade@example.com",
      "registration_number": "20180023"
    },
    {
      "first_name": "Jessica",
      "last_name": "Baker",
      "email": "jessica.baker@example.com",
      "registration_number": "20180024"
    },
    {
      "first_name": "Kimberly",
      "last_name": "Smith",
      "email": "kimberly.smith@example.com",
      "registration_number": "20180025"
    },
    {
      "first_name": "Patrick",
      "last_name": "Williams",
      "email": "patrick.williams@example.com",
      "registration_number": "20180026"
    },
    {
      "first_name": "Vanessa",
      "last_name": "Wilson",
      "email": "vanessa.wilson@example.com",
      "registration_number": "20180027"
    },
    {
      "first_name": "Nicole",
      "last_name": "Brooks",
      "email": "nicole.brooks@example.com",
      "registration_number": "20180028"
    },
    {
      "first_name": "John",
      "last_name": "Garcia",
      "email": "john.garcia@example.com",
      "registration_number": "20180029"
    },
    {
      "first_name": "Sharon",
      "last_name": "Aguirre",
      "email": "sharon.aguirre@example.com",
      "registration_number": "20180030"
    },
    {
      "first_name": "Devin",
      "last_name": "Elliott",
      "email": "devin.elliott@example.com",
      "registration_number": "20180031"
    },
    {
      "first_name": "Timothy",
      "last_name": "Love",
      "email": "timothy.love@example.com",
      "registration_number": "20180032"
    },
    {
      "first_name": "Lisa",
      "last_name": "Rivers",
      "email": "lisa.rivers@example.com",
      "registration_number": "20180033"
    },
    {
      "first_name": "Gregory",
      "last_name": "Webb",
      "email": "gregory.webb@example.com",
      "registration_number": "20180034"
    },
    {
      "first_name": "Valerie",
      "last_name": "Kane",
      "email": "valerie.kane@example.com",
      "registration_number": "20180035"
    },
    {
      "first_name": "Christopher",
      "last_name": "Adams",
      "email": "christopher.adams@example.com",
      "registration_number": "20180036"
    },
    {
      "first_name": "Anthony",
      "last_name": "Jones",
      "email": "anthony.jones@example.com",
      "registration_number": "20180037"
    },
    {
      "first_name": "Chris",
      "last_name": "Daugherty",
      "email": "chris.daugherty@example.com",
      "registration_number": "20180038"
    },
    {
      "first_name": "Joseph",
      "last_name": "Wagner",
      "email": "joseph.wagner@example.com",
      "registration_number": "20180039"
    },
    {
      "first_name": "Matthew",
      "last_name": "Sanford",
      "email": "matthew.sanford@example.com",
      "registration_number": "20180040"
    },
    {
      "first_name": "Stephen",
      "last_name": "Smith",
      "email": "stephen.smith@example.com",
      "registration_number": "20180041"
    },
    {
      "first_name": "Penny",
      "last_name": "Shaw",
      "email": "penny.shaw@example.com",
      "registration_number": "20180042"
    },
    {
      "first_name": "Melissa",
      "last_name": "Nelson",
      "email": "melissa.nelson@example.com",
      "registration_number": "20180043"
    },
    {
      "first_name": "Veronica",
      "last_name": "Weaver",
      "email": "veronica.weaver@example.com",
      "registration_number": "20180044"
    },
    {
      "first_name": "Jessica",
      "last_name": "Hebert",
      "email": "jessica.hebert@example.com",
      "registration_number": "20180045"
    },
    {
      "first_name": "Stephanie",
      "last_name": "Williams",
      "email": "stephanie.williams@example.com",
      "registration_number": "20180046"
    },
    {
      "first_name": "Larry",
      "last_name": "Ramirez",
      "email": "larry.ramirez@example.com",
      "registration_number": "20180047"
    },
    {
      "first_name": "Karen",
      "last_name": "Perez",
      "email": "karen.perez@example.com",
      "registration_number": "20180048"
    },
    {
      "first_name": "Patricia",
      "last_name": "Gonzalez",
      "email": "patricia.gonzalez@example.com",
      "registration_number": "20180049"
    },
    {
      "first_name": "Annette",
      "last_name": "Miller",
      "email": "annette.miller@example.com",
      "registration_number": "20180050"
    },
    {
      "first_name": "Richard",
      "last_name": "Wilson",
      "email": "richard.wilson@example.com",
      "registration_number": "20180051"
    },
    {
      "first_name": "Nicole",
      "last_name": "Jordan",
      "email": "nicole.jordan@example.com",
      "registration_number": "20180052"
    },
    {
      "first_name": "Jon",
      "last_name": "Alvarado",
      "email": "jon.alvarado@example.com",
      "registration_number": "20180053"
    },
    {
      "first_name": "Donna",
      "last_name": "Hood",
      "email": "donna.hood@example.com",
      "registration_number": "20180054"
    },
    {
      "first_name": "Robert",
      "last_name": "Carlson",
      "email": "robert.carlson@example.com",
      "registration_number": "20180055"
    },
    {
      "first_name": "George",
      "last_name": "White",
      "email": "george.white@example.com",
      "registration_number": "20180056"
    },
    {
      "first_name": "Joseph",
      "last_name": "Contreras",
      "email": "joseph.contreras@example.com",
      "registration_number": "20180057"
    },
    {
      "first_name": "Amber",
      "last_name": "Garcia",
      "email": "amber.garcia@example.com",
      "registration_number": "20180058"
    },
    {
      "first_name": "Brett",
      "last_name": "Thompson",
      "email": "brett.thompson@example.com",
      "registration_number": "20180059"
    },
    {
      "first_name": "Sharon",
      "last_name": "Gibson",
      "email": "sharon.gibson@example.com",
      "registration_number": "20180060"
    },
    {
      "first_name": "Douglas",
      "last_name": "Mcdaniel",
      "email": "douglas.mcdaniel@example.com",
      "registration_number": "20180061"
    },
    {
      "first_name": "Alexandra",
      "last_name": "Mcintosh",
      "email": "alexandra.mcintosh@example.com",
      "registration_number": "20180062"
    },
    {
      "first_name": "Steven",
      "last_name": "Martinez",
      "email": "steven.martinez@example.com",
      "registration_number": "20180063"
    },
    {
      "first_name": "Christine",
      "last_name": "Christensen",
      "email": "christine.christensen@example.com",
      "registration_number": "20180064"
    },
    {
      "first_name": "Mary",
      "last_name": "Watson",
      "email": "mary.watson@example.com",
      "registration_number": "20180065"
    },
    {
      "first_name": "Donald",
      "last_name": "Clark",
      "email": "donald.clark@example.com",
      "registration_number": "20180066"
    },
    {
      "first_name": "Brian",
      "last_name": "Elliott",
      "email": "brian.elliott@example.com",
      "registration_number": "20180067"
    },
    {
      "first_name": "Robin",
      "last_name": "Morton",
      "email": "robin.morton@example.com",
      "registration_number": "20180068"
    },
    {
      "first_name": "Gloria",
      "last_name": "Strickland",
      "email": "gloria.strickland@example.com",
      "registration_number": "20180069"
    },
    {
      "first_name": "Michael",
      "last_name": "Larsen",
      "email": "michael.larsen@example.com",
      "registration_number": "20180070"
    },
    {
      "first_name": "Jason",
      "last_name": "Miller",
      "email": "jason.miller@example.com",
      "registration_number": "20180071"
    },
    {
      "first_name": "Barbara",
      "last_name": "Baker",
      "email": "barbara.baker@example.com",
      "registration_number": "20180072"
    },
    {
      "first_name": "Faith",
      "last_name": "Elliott",
      "email": "faith.elliott@example.com",
      "registration_number": "20180073"
    },
    {
      "first_name": "Nicole",
      "last_name": "Schultz",
      "email": "nicole.schultz@example.com",
      "registration_number": "20180074"
    },
    {
      "first_name": "Andrew",
      "last_name": "Hernandez",
      "email": "andrew.hernandez@example.com",
      "registration_number": "20180075"
    },
    {
      "first_name": "Jessica",
      "last_name": "Henderson",
      "email": "jessica.henderson@example.com",
      "registration_number": "20180076"
    },
    {
      "first_name": "Denise",
      "last_name": "Reed",
      "email": "denise.reed@example.com",
      "registration_number": "20180077"
    },
    {
      "first_name": "Daniel",
      "last_name": "Farmer",
      "email": "daniel.farmer@example.com",
      "registration_number": "20180078"
    },
    {
      "first_name": "Ruben",
      "last_name": "Reilly",
      "email": "ruben.reilly@example.com",
      "registration_number": "20180079"
    },
    {
      "first_name": "Michael",
      "last_name": "Lynn",
      "email": "michael.lynn@example.com",
      "registration_number": "20180080"
    },
    {
      "first_name": "Rhonda",
      "last_name": "Thompson",
      "email": "rhonda.thompson@example.com",
      "registration_number": "20180081"
    },
    {
      "first_name": "Eduardo",
      "last_name": "White",
      "email": "eduardo.white@example.com",
      "registration_number": "20180082"
    },
    {
      "first_name": "Amy",
      "last_name": "Spencer",
      "email": "amy.spencer@example.com",
      "registration_number": "20180083"
    },
    {
      "first_name": "Debra",
      "last_name": "Duran",
      "email": "debra.duran@example.com",
      "registration_number": "20180084"
    },
    {
      "first_name": "Anna",
      "last_name": "Patterson",
      "email": "anna.patterson@example.com",
      "registration_number": "20180085"
    },
    {
      "first_name": "Lori",
      "last_name": "Frank",
      "email": "lori.frank@example.com",
      "registration_number": "20180086"
    },
    {
      "first_name": "Bruce",
      "last_name": "Robinson",
      "email": "bruce.robinson@example.com",
      "registration_number": "20180087"
    },
    {
      "first_name": "Denise",
      "last_name": "Lewis",
      "email": "denise.lewis@example.com",
      "registration_number": "20180088"
    },
    {
      "first_name": "Allison",
      "last_name": "Bridges",
      "email": "allison.bridges@example.com",
      "registration_number": "20180089"
    },
    {
      "first_name": "Adam",
      "last_name": "Miller",
      "email": "adam.miller@example.com",
      "registration_number": "20180090"
    },
    {
      "first_name": "Emily",
      "last_name": "Ross",
      "email": "emily.ross@example.com",
      "registration_number": "20180091"
    },
    {
      "first_name": "Gary",
      "last_name": "Joyce",
      "email": "gary.joyce@example.com",
      "registration_number": "20180092"
    },
    {
      "first_name": "Beverly",
      "last_name": "Haas",
      "email": "beverly.haas@example.com",
      "registration_number": "20180093"
    },
    {
      "first_name": "Mark",
      "last_name": "Wilson",
      "email": "mark.wilson@example.com",
      "registration_number": "20180094"
    },
    {
      "first_name": "Brenda",
      "last_name": "Brock",
      "email": "brenda.brock@example.com",
      "registration_number": "20180095"
    },
    {
      "first_name": "Joshua",
      "last_name": "Weaver",
      "email": "joshua.weaver@example.com",
      "registration_number": "20180096"
    },
    {
      "first_name": "Patricia",
      "last_name": "Dean",
      "email": "patricia.dean@example.com",
      "registration_number": "20180097"
    },
    {
      "first_name": "Michael",
      "last_name": "Smith",
      "email": "michael.smith@example.com",
      "registration_number": "20180098"
    },
    {
      "first_name": "Kristine",
      "last_name": "Smith",
      "email": "kristine.smith@example.com",
      "registration_number": "20180099"
    }
  ],
  "professors": [
    {
      "first_name": "Ronald",
      "last_name": "Williams",
      "email": "ronald.williams@example.com",
      "department": "Physics"
    },
    {
      "first_name": "Shirley",
      "last_name": "Stewart",
      "email": "shirley.stewart@example.com",
      "department": "History"
    },
    {
      "first_name": "Michelle",
      "last_name": "Gonzalez",
      "email": "michelle.gonzalez@example.com",
      "department": "History"
    },
    {
      "first_name": "Billy",
      "last_name": "Simon",
      "email": "billy.simon@example.com",
      "department": "Mathematics"
    },
    {
      "first_name": "Rachel",
      "last_name": "Jennings",
      "email": "rachel.jennings@example.com",
      "department": "Computer Science"
    },
    {
      "first_name": "Thomas",
      "last_name": "Clark",
      "email": "thomas.clark@example.com",
      "department": "Physics"
    },
    {
      "first_name": "Dennis",
      "last_name": "Johnson",
      "email": "dennis.johnson@example.com",
      "department": "Biology"
    },
    {
      "first_name": "Natalie",
      "last_name": "Morris",
      "email": "natalie.morris@example.com",
      "department": "Chemistry"
    },
    {
      "first_name": "Brian",
      "last_name": "Love",
      "email": "brian.love@example.com",
      "department": "Biology"
    },
    {
      "first_name": "Veronica",
      "last_name": "Gutierrez",
      "email": "veronica.gutierrez@example.com",
      "department": "Computer Science"
    },
    {
      "first_name": "Nathan",
      "last_name": "Brady",
      "email": "nathan.brady@example.com",
      "department": "Biology"
    },
    {
      "first_name": "Michael",
      "last_name": "Meadows",
      "email": "michael.meadows@example.com",
      "department": "Mathematics"
    },
    {
      "first_name": "John",
      "last_name": "Williams",
      "email": "john.williams@example.com",
      "department": "Mathematics"
    },
    {
      "first_name": "Joanne",
      "last_name": "Mitchell",
      "email": "joanne.mitchell@example.com",
      "department": "Mathematics"
    },
    {
      "first_name": "Lauren",
      "last_name": "Campbell",
      "email": "lauren.campbell@example.com",
      "department": "Mathematics"
    },
    {
      "first_name": "Amanda",
      "last_name": "Richardson",
      "email": "amanda.richardson@example.com",
      "department": "Chemistry"
    },
    {
      "first_name": "Sherry",
      "last_name": "Johnson",
      "email": "sherry.johnson@example.com",
      "department": "History"
    },
    {
      "first_name": "Michelle",
      "last_name": "Wilson",
      "email": "michelle.wilson@example.com",
      "department": "Biology"
    },
    {
      "first_name": "Tina",
      "last_name": "Chung",
      "email": "tina.chung@example.com",
      "department": "Economics"
    },
    {
      "first_name": "Keith",
      "last_name": "Hamilton",
      "email": "keith.hamilton@example.com",
      "department": "Economics"
    },
    {
      "first_name": "Lorraine",
      "last_name": "Davis",
      "email": "lorraine.davis@example.com",
      "department": "Physics"
    },
    {
      "first_name": "Ann",
      "last_name": "Castaneda",
      "email": "ann.castaneda@example.com",
      "department": "Economics"
    },
    {
      "first_name": "Thomas",
      "last_name": "Woodard",
      "email": "thomas.woodard@example.com",
      "department": "History"
    },
    {
      "first_name": "Christopher",
      "last_name": "Nelson",
      "email": "christopher.nelson@example.com",
      "department": "Economics"
    },
    {
      "first_name": "Julie",
      "last_name": "Gaines",
      "email": "julie.gaines@example.com",
      "department": "Physics"
    },
    {
      "first_name": "Katherine",
      "last_name": "Erickson",
      "email": "katherine.erickson@example.com",
      "department": "Biology"
    },
    {
      "first_name": "Julie",
      "last_name": "Richmond",
      "email": "julie.richmond@example.com",
      "department": "History"
    },
    {
      "first_name": "Karen",
      "last_name": "Richardson",
      "email": "karen.richardson@example.com",
      "department": "Biology"
    },
    {
      "first_name": "Kristen",
      "last_name": "Wolfe",
      "email": "kristen.wolfe@example.com",
      "department": "Chemistry"
    },
    {
      "first_name": "Brooke",
      "last_name": "Gill",
      "email": "brooke.gill@example.com",
      "department": "Physics"
    },
    {
      "first_name": "Dawn",
      "last_name": "Watson",
      "email": "dawn.watson@example.com",
      "department": "Philosophy"
    },
    {
      "first_name": "Patrick",
      "last_name": "Ferguson",
      "email": "patrick.ferguson@example.com",
      "department": "Computer Science"
    },
    {
      "first_name": "Jenny",
      "last_name": "Parrish",
      "email": "jenny.parrish@example.com",
      "department": "Physics"
    },
    {
      "first_name": "Devon",
      "last_name": "Wilson",
      "email": "devon.wilson@example.com",
      "department": "Physics"
    },
    {
      "first_name": "Kristen",
      "last_name": "Price",
      "email": "kristen.price@example.com",
      "department": "Economics"
    },
    {
      "first_name": "Dale",
      "last_name": "Ho",
      "email": "dale.ho@example.com",
      "department": "Biology"
    },
    {
      "first_name": "Andrew",
      "last_name": "Bell",
      "email": "andrew.bell@example.com",
      "department": "Physics"
    },
    {
      "first_name": "Kevin",
      "last_name": "Quinn",
      "email": "kevin.quinn@example.com",
      "department": "Chemistry"
    },
    {
      "first_name": "Rebecca",
      "last_name": "Herrera",
      "email": "rebecca.herrera@example.com",
      "department": "Physics"
    },
    {
      "first_name": "Jeffrey",
      "last_name": "Bailey",
      "email": "jeffrey.bailey@example.com",
      "department": "Physics"
    },
    {
      "first_name": "Cheryl",
      "last_name": "Clark",
      "email": "cheryl.clark@example.com",
      "department": "Philosophy"
    },
    {
      "first_name": "Lauren",
      "last_name": "Dean",
      "email": "lauren.dean@example.com",
      "department": "Physics"
    },
    {
      "first_name": "Jennifer",
      "last_name": "Johnson",
      "email": "jennifer.johnson@example.com",
      "department": "Chemistry"
    },
    {
      "first_name": "Ashley",
      "last_name": "Murphy",
      "email": "ashley.murphy@example.com",
      "department": "Computer Science"
    },
    {
      "first_name": "Michael",
      "last_name": "Obrien",
      "email": "michael.obrien@example.com",
      "department": "Biology"
    },
    {
      "first_name": "Scott",
      "last_name": "Ross",
      "email": "scott.ross@example.com",
      "department": "Biology"
    },
    {
      "first_name": "Rebecca",
      "last_name": "Diaz",
      "email": "rebecca.diaz@example.com",
      "department": "History"
    },
    {
      "first_name": "Sara",
      "last_name": "Williams",
      "email": "sara.williams@example.com",
      "department": "History"
    },
    {
      "first_name": "Brittany",
      "last_name": "Moon",
      "email": "brittany.moon@example.com",
      "department": "Economics"
    },
    {
      "first_name": "Michael",
      "last_name": "Greene",
      "email": "michael.greene@example.com",
      "department": "History"
    },
    {
      "first_name": "Justin",
      "last_name": "Pham",
      "email": "justin.pham@example.com",
      "department": "History"
    },
    {
      "first_name": "Mark",
      "last_name": "Hardy",
      "email": "mark.hardy@example.com",
      "department": "Philosophy"
    },
    {
      "first_name": "Andrea",
      "last_name": "Williams",
      "email": "andrea.williams@example.com",
      "department": "Chemistry"
    },
    {
      "first_name": "Ralph",
      "last_name": "Bond",
      "email": "ralph.bond@example.com",
      "department": "Physics"
    },
    {
      "first_name": "Douglas",
      "last_name": "Hartman",
      "email": "douglas.hartman@example.com",
      "department": "Physics"
    },
    {
      "first_name": "Sharon",
      "last_name": "Ross",
      "email": "sharon.ross@example.com",
      "department": "Computer Science"
    },
    {
      "first_name": "Angela",
      "last_name": "Dennis",
      "email": "angela.dennis@example.com",
      "department": "Mathematics"
    },
    {
      "first_name": "Earl",
      "last_name": "Wolfe",
      "email": "earl.wolfe@example.com",
      "department": "Economics"
    },
    {
      "first_name": "Daniel",
      "last_name": "Lewis",
      "email": "daniel.lewis@example.com",
      "department": "Computer Science"
    },
    {
      "first_name": "Peter",
      "last_name": "Morgan",
      "email": "peter.morgan@example.com",
      "department": "Computer Science"
    },
    {
      "first_name": "Kyle",
      "last_name": "Black",
      "email": "kyle.black@example.com",
      "department": "Philosophy"
    },
    {
      "first_name": "Roger",
      "last_name": "Moore",
      "email": "roger.moore@example.com",
      "department": "Philosophy"
    },
    {
      "first_name": "Phillip",
      "last_name": "Young",
      "email": "phillip.young@example.com",
      "department": "Chemistry"
    },
    {
      "first_name": "Matthew",
      "last_name": "Perry",
      "email": "matthew.perry@example.com",
      "department": "History"
    },
    {
      "first_name": "Amy",
      "last_name": "Preston",
      "email": "amy.preston@example.com",
      "department": "Mathematics"
    },
    {
      "first_name": "Cynthia",
      "last_name": "Ware",
      "email": "cynthia.ware@example.com",
      "department": "Biology"
    },
    {
      "first_name": "Anthony",
      "last_name": "Howard",
      "email": "anthony.howard@example.com",
      "department": "Chemistry"
    },
    {
      "first_name": "Bethany",
      "last_name": "Nelson",
      "email": "bethany.nelson@example.com",
      "department": "History"
    },
    {
      "first_name": "Charles",
      "last_name": "Cooper",
      "email": "charles.cooper@example.com",
      "department": "Philosophy"
    },
    {
      "first_name": "Jennifer",
      "last_name": "Cunningham",
      "email": "jennifer.cunningham@example.com",
      "department": "Biology"
    },
    {
      "first_name": "Veronica",
      "last_name": "Clements",
      "email": "veronica.clements@example.com",
      "department": "Computer Science"
    },
    {
      "first_name": "Morgan",
      "last_name": "Bennett",
      "email": "morgan.bennett@example.com",
      "department": "Computer Science"
    },
    {
      "first_name": "Adam",
      "last_name": "Andrade",
      "email": "adam.andrade@example.com",
      "department": "Physics"
    },
    {
      "first_name": "Beth",
      "last_name": "Shannon",
      "email": "beth.shannon@example.com",
      "department": "Physics"
    },
    {
      "first_name": "Emily",
      "last_name": "Turner",
      "email": "emily.turner@example.com",
      "department": "Biology"
    },
    {
      "first_name": "Michael",
      "last_name": "George",
      "email": "michael.george@example.com",
      "department": "Philosophy"
    },
    {
      "first_name": "Angel",
      "last_name": "Adams",
      "email": "angel.adams@example.com",
      "department": "Philosophy"
    },
    {
      "first_name": "Christopher",
      "last_name": "Higgins",
      "email": "christopher.higgins@example.com",
      "department": "History"
    },
    {
      "first_name": "Diane",
      "last_name": "Neal",
      "email": "diane.neal@example.com",
      "department": "History"
    },
    {
      "first_name": "Megan",
      "last_name": "Moore",
      "email": "megan.moore@example.com",
      "department": "Biology"
    },
    {
      "first_name": "Paul",
      "last_name": "Banks",
      "email": "paul.banks@example.com",
      "department": "Biology"
    },
    {
      "first_name": "Tony",
      "last_name": "Pruitt",
      "email": "tony.pruitt@example.com",
      "department": "Computer Science"
    },
    {
      "first_name": "John",
      "last_name": "Cummings",
      "email": "john.cummings@example.com",
      "department": "History"
    },
    {
      "first_name": "Laura",
      "last_name": "Smith",
      "email": "laura.smith@example.com",
      "department": "Biology"
    },
    {
      "first_name": "Mary",
      "last_name": "Ward",
      "email": "mary.ward@example.com",
      "department": "Physics"
    },
    {
      "first_name": "Robert",
      "last_name": "Krause",
      "email": "robert.krause@example.com",
      "department": "Economics"
    },
    {
      "first_name": "Kathleen",
      "last_name": "Boyle",
      "email": "kathleen.boyle@example.com",
      "department": "Computer Science"
    },
    {
      "first_name": "Theresa",
      "last_name": "Bailey",
      "email": "theresa.bailey@example.com",
      "department": "History"
    },
    {
      "first_name": "Hannah",
      "last_name": "Carter",
      "email": "hannah.carter@example.com",
      "department": "Physics"
    },
    {
      "first_name": "Allison",
      "last_name": "Martinez",
      "email": "allison.martinez@example.com",
      "department": "Philosophy"
    },
    {
      "first_name": "Evelyn",
      "last_name": "Chambers",
      "email": "evelyn.chambers@example.com",
      "department": "Mathematics"
    },
    {
      "first_name": "Rebecca",
      "last_name": "Johnson",
      "email": "rebecca.johnson@example.com",
      "department": "Philosophy"
    },
    {
      "first_name": "Larry",
      "last_name": "Parker",
      "email": "larry.parker@example.com",
      "department": "Biology"
    },
    {
      "first_name": "David",
      "last_name": "Spears",
      "email": "david.spears@example.com",
      "department": "Physics"
    },
    {
      "first_name": "Aaron",
      "last_name": "Gray",
      "email": "aaron.gray@example.com",
      "department": "Chemistry"
    },
    {
      "first_name": "Samantha",
      "last_name": "Hernandez",
      "email": "samantha.hernandez@example.com",
      "department": "Chemistry"
    },
    {
      "first_name": "Louis",
      "last_name": "Lamb",
      "email": "louis.lamb@example.com",
      "department": "History"
    },
    {
      "first_name": "Gabriel",
      "last_name": "Walker",
      "email": "gabriel.walker@example.com",
      "department": "Chemistry"
    },
    {
      "first_name": "Amanda",
      "last_name": "Harris",
      "email": "amanda.harris@example.com",
      "department": "History"
    },
    {
      "first_name": "Edward",
      "last_name": "Scott",
      "email": "edward.scott@example.com",
      "department": "Chemistry"
    }
  ]
}